time,step,reads,bases,species,prob,err,tAligned,sAligned
Sat Nov 02 18:11:57 CET 2019,747,970,7968857,Bacillus subtilis,0.432069771187497,0.0579438970616228,315,123
Sat Nov 02 18:11:57 CET 2019,747,970,7968857,Citrobacter koseri,0.176825015942742,0.0579438970616228,315,50
Sat Nov 02 18:11:57 CET 2019,747,970,7968857,Enterococcus faecalis,0.131370470488196,0.0579438970616228,315,37
Sat Nov 02 18:11:57 CET 2019,747,970,7968857,Escherichia coli,0.110391449509175,0.0579438970616228,315,31
Sat Nov 02 18:11:57 CET 2019,747,970,7968857,Citrobacter rodentium,0.0824194215371473,0.0579438970616228,315,23
